feature,importance
actual_available_turnaround_min,53.92423304033773
upstream_arr_delay_min,16.784044755700055
turnaround_airport,7.164488769058619
next_dep_hour,5.80718480355808
scheduled_turnaround_min,4.804987482880718
month,4.727117485461619
dest_j,3.4604835648865273
crs_elapsed_time_j,2.2157788333662176
day_of_week,1.1116812647504604
