target,train_mean,test_mean,rmse,mae,r2
target_dep_delay_min,12.732172660508812,11.856594747013908,33.7816,8.9499,0.3681
