target,train_mean,test_mean,rmse,mae,r2
target_dep_delay_min,12.732172660508812,11.856594747013908,33.8004,8.9519,0.3674
