target,train_mean,test_mean,rmse,mae,r2
target_dep_delay_min,12.820025864904464,11.805486859280691,33.81,9.8207,0.3456
